{
    "name": "root",
    "metadata": {
        "timer_format_version": "0.1.0",
        "start_time_seconds": "1716896255",
        "python_version": "3.10.12 | packaged by Anaconda, Inc. | (main, Jul  5 2023, 19:01:18) [MSC v.1916 64 bit (AMD64)]",
        "command_line_arguments": "C:\\Users\\OfferleA2\\.conda\\envs\\mlagent\\Scripts\\mlagents-learn --run-id=3",
        "mlagents_version": "1.0.0",
        "mlagents_envs_version": "1.0.0",
        "communication_protocol_version": "1.5.0",
        "pytorch_version": "2.3.0+cpu",
        "numpy_version": "1.23.3",
        "end_time_seconds": "1716896403"
    },
    "total": 148.06008510000538,
    "count": 1,
    "self": 0.012895299994852394,
    "children": {
        "run_training.setup": {
            "total": 0.0182733000110602,
            "count": 1,
            "self": 0.0182733000110602
        },
        "TrainerController.start_learning": {
            "total": 148.02891649999947,
            "count": 1,
            "self": 0.059194799556280486,
            "children": {
                "TrainerController._reset_env": {
                    "total": 14.7472759999946,
                    "count": 1,
                    "self": 14.7472759999946
                },
                "TrainerController.advance": {
                    "total": 133.05461200044374,
                    "count": 1170,
                    "self": 0.05879520052985754,
                    "children": {
                        "env_step": {
                            "total": 130.7368699999788,
                            "count": 1170,
                            "self": 127.10806190010044,
                            "children": {
                                "SubprocessEnvManager._take_step": {
                                    "total": 3.591781699709827,
                                    "count": 1170,
                                    "self": 0.12604099964664783,
                                    "children": {
                                        "TorchPolicy.evaluate": {
                                            "total": 3.4657407000631792,
                                            "count": 882,
                                            "self": 3.4657407000631792
                                        }
                                    }
                                },
                                "workers": {
                                    "total": 0.03702640016854275,
                                    "count": 1169,
                                    "self": 0.0,
                                    "children": {
                                        "worker_root": {
                                            "total": 74.67121429998951,
                                            "count": 1169,
                                            "is_parallel": true,
                                            "self": 14.28570120013319,
                                            "children": {
                                                "steps_from_proto": {
                                                    "total": 0.013165700001991354,
                                                    "count": 1,
                                                    "is_parallel": true,
                                                    "self": 0.0005137999978614971,
                                                    "children": {
                                                        "_process_rank_one_or_two_observation": {
                                                            "total": 0.012651900004129857,
                                                            "count": 2,
                                                            "is_parallel": true,
                                                            "self": 0.012651900004129857
                                                        }
                                                    }
                                                },
                                                "UnityEnvironment.step": {
                                                    "total": 60.372347399854334,
                                                    "count": 1169,
                                                    "is_parallel": true,
                                                    "self": 1.8129809989768546,
                                                    "children": {
                                                        "UnityEnvironment._generate_step_input": {
                                                            "total": 0.28011320013320073,
                                                            "count": 1169,
                                                            "is_parallel": true,
                                                            "self": 0.28011320013320073
                                                        },
                                                        "communicator.exchange": {
                                                            "total": 51.65574400042533,
                                                            "count": 1169,
                                                            "is_parallel": true,
                                                            "self": 51.65574400042533
                                                        },
                                                        "steps_from_proto": {
                                                            "total": 6.623509200318949,
                                                            "count": 1169,
                                                            "is_parallel": true,
                                                            "self": 0.4867292003327748,
                                                            "children": {
                                                                "_process_rank_one_or_two_observation": {
                                                                    "total": 6.1367799999861745,
                                                                    "count": 2338,
                                                                    "is_parallel": true,
                                                                    "self": 6.1367799999861745
                                                                }
                                                            }
                                                        }
                                                    }
                                                }
                                            }
                                        }
                                    }
                                }
                            }
                        },
                        "trainer_advance": {
                            "total": 2.2589467999350745,
                            "count": 1169,
                            "self": 0.06554170003801119,
                            "children": {
                                "process_trajectory": {
                                    "total": 2.1934050998970633,
                                    "count": 1169,
                                    "self": 2.1934050998970633
                                }
                            }
                        }
                    }
                },
                "TrainerController._save_models": {
                    "total": 0.16783370000484865,
                    "count": 1,
                    "self": 0.006072700009099208,
                    "children": {
                        "RLTrainer._checkpoint": {
                            "total": 0.16176099999574944,
                            "count": 1,