{
    "name": "root",
    "gauges": {
        "MyBehavior.Policy.Entropy.mean": {
            "value": 1.7681318521499634,
            "min": 1.7681318521499634,
            "max": 1.7681318521499634,
            "count": 1
        },
        "MyBehavior.Policy.Entropy.sum": {
            "value": 88645.2890625,
            "min": 88645.2890625,
            "max": 88645.2890625,
            "count": 1
        },
        "MyBehavior.Step.mean": {
            "value": 49957.0,
            "min": 49957.0,
            "max": 49957.0,
            "count": 1
        },
        "MyBehavior.Step.sum": {
            "value": 49957.0,
            "min": 49957.0,
            "max": 49957.0,
            "count": 1
        },
        "MyBehavior.Policy.ExtrinsicValueEstimate.mean": {
            "value": -0.21009209752082825,
            "min": -0.21009209752082825,
            "max": -0.21009209752082825,
            "count": 1
        },
        "MyBehavior.Policy.ExtrinsicValueEstimate.sum": {
            "value": -260.3041076660156,
            "min": -260.3041076660156,
            "max": -260.3041076660156,
            "count": 1
        },
        "MyBehavior.Environment.EpisodeLength.mean": {
            "value": 78.44391025641026,
            "min": 78.44391025641026,
            "max": 78.44391025641026,
            "count": 1
        },
        "MyBehavior.Environment.EpisodeLength.sum": {
            "value": 48949.0,
            "min": 48949.0,
            "max": 48949.0,
            "count": 1
        },
        "MyBehavior.Environment.CumulativeReward.mean": {
            "value": -0.9852003536234872,
            "min": -0.9852003536234872,
            "max": -0.9852003536234872,
            "count": 1
        },
        "MyBehavior.Environment.CumulativeReward.sum": {
            "value": -614.765020661056,
            "min": -614.765020661056,
            "max": -614.765020661056,
            "count": 1
        },
        "MyBehavior.Policy.ExtrinsicReward.mean": {
            "value": -0.9852003536234872,
            "min": -0.9852003536234872,
            "max": -0.9852003536234872,
            "count": 1
        },
        "MyBehavior.Policy.ExtrinsicReward.sum": {
            "value": -614.765020661056,
            "min": -614.765020661056,
            "max": -614.765020661056,
            "count": 1
        },
        "MyBehavior.Losses.PolicyLoss.mean": {
            "value": 0.025649028667248785,
            "min": 0.025649028667248785,
            "max": 0.025649028667248785,
            "count": 1
        },
        "MyBehavior.Losses.PolicyLoss.sum": {
            "value": 0.10259611466899514,
            "min": 0.10259611466899514,
            "max": 0.10259611466899514,
            "count": 1
        },
        "MyBehavior.Losses.ValueLoss.mean": {
            "value": 0.06342142287952204,
            "min": 0.06342142287952204,
            "max": 0.06342142287952204,
            "count": 1
        },
        "MyBehavior.Losses.ValueLoss.sum": {
            "value": 0.2536856915180882,
            "min": 0.2536856915180882,
            "max": 0.2536856915180882,
            "count": 1
        },
        "MyBehavior.Policy.LearningRate.mean": {
            "value": 0.00028461525512825,
            "min": 0.00028461525512825,
            "max": 0.00028461525512825,
            "count": 1
        },
        "MyBehavior.Policy.LearningRate.sum": {
            "value": 0.001138461020513,
            "min": 0.001138461020513,
            "max": 0.001138461020513,
            "count": 1
        },
        "MyBehavior.Policy.Epsilon.mean": {
            "value": 0.19487175,
            "min": 0.19487175,
            "max": 0.19487175,
            "count": 1
        },
        "MyBehavior.Policy.Epsilon.sum": {
            "value": 0.779487,
            "min": 0.779487,
            "max": 0.779487,
            "count": 1
        },
        "MyBehavior.Policy.Beta.mean": {
            "value": 0.004744100325,
            "min": 0.004744100325,
            "max": 0.004744100325,
            "count": 1
        },
        "MyBehavior.Policy.Beta.sum": {
            "value": 0.0189764013,
            "min": 0.0189764013,
            "max": 0.0189764013,
            "count": 1
        },
        "MyBehavior.IsTraining.mean": {
            "value": 1.0,
            "min": 1.0,
            "max": 1.0,
            "count": 1
        },
        "MyBehavior.IsTraining.sum": {
            "value": 1.0,
            "min": 1.0,
            "max": 1.0,
            "count": 1
        }
    },
    "metadata": {
        "timer_format_version": "0.1.0",
        "start_time_seconds": "1715850280",
        "python_version": "3.10.12 | packaged by Anaconda, Inc. | (main, Jul  5 2023, 19:01:18) [MSC v.1916 64 bit (AMD64)]",
        "command_line_arguments": "C:\\Users\\OfferleA2\\.conda\\envs\\mlagents\\Scripts\\mlagents-learn --env ..\\ExeCros --num-env 3 --run-id=NegRwforObstacle --width 390 --height 844 --deterministic",
        "mlagents_version": "1.0.0",
        "mlagents_envs_version": "1.0.0",
        "communication_protocol_version": "1.5.0",
        "pytorch_version": "2.2.2+cu121",
        "numpy_version": "1.23.3",
        "end_time_seconds": "1715850854"
    },
    "total": 574.6659853000892,
    "count": 1,
    "self": 4.2847006999654695,
    "children": {
        "run_training.setup": {
            "total": 0.018765500048175454,
            "count": 1,
            "self": 0.018765500048175454
        },
        "TrainerController.start_learning": {
            "total": 570.3625191000756,
            "count": 1,
            "self": 2.463584804208949,
            "children": {
                "TrainerController._reset_env": {
                    "total": 8.703617100021802,
                    "count": 1,
                    "self": 8.703617100021802
                },
                "TrainerController.advance": {
                    "total": 558.8777804957936,
                    "count": 49356,
                    "self": 2.465967708150856,
                    "children": {
                        "env_step": {
                            "total": 505.9327661958523,
                            "count": 49356,
                            "self": 316.73765338072553,
                            "children": {
                                "SubprocessEnvManager._take_step": {
                                    "total": 187.50024661328644,
                                    "count": 53058,
                                    "self": 7.289684095419943,
                                    "children": {
                                        "TorchPolicy.evaluate": {
                                            "total": 180.2105625178665,
                                            "count": 52575,
                                            "self": 180.2105625178665
                                        }
                                    }
                                },
                                "workers": {
                                    "total": 1.694866201840341,
                                    "count": 49356,
                                    "self": 0.0,
                                    "children": {
                                        "worker_root": {
                                            "total": 1683.0609381883405,
                                            "count": 53056,
                                            "is_parallel": true,
                                            "self": 523.2808527760208,
                                            "children": {
                                                "steps_from_proto": {
                                                    "total": 0.004136099829338491,
                                                    "count": 3,
                                                    "is_parallel": true,