{
    "name": "root",
    "gauges": {
        "MyBehavior.Policy.Entropy.mean": {
            "value": 1.456443190574646,
            "min": 1.456443190574646,
            "max": 1.456443190574646,
            "count": 1
        },
        "MyBehavior.Policy.Entropy.sum": {
            "value": 14229.4501953125,
            "min": 14229.4501953125,
            "max": 14229.4501953125,
            "count": 1
        },
        "MyBehavior.Step.mean": {
            "value": 149972.0,
            "min": 149972.0,
            "max": 149972.0,
            "count": 1
        },
        "MyBehavior.Step.sum": {
            "value": 149972.0,
            "min": 149972.0,
            "max": 149972.0,
            "count": 1
        },
        "MyBehavior.Policy.ExtrinsicValueEstimate.mean": {
            "value": -0.29379966855049133,
            "min": -0.29379966855049133,
            "max": -0.29379966855049133,
            "count": 1
        },
        "MyBehavior.Policy.ExtrinsicValueEstimate.sum": {
            "value": -56.1157341003418,
            "min": -56.1157341003418,
            "max": -56.1157341003418,
            "count": 1
        },
        "MyBehavior.Environment.EpisodeLength.mean": {
            "value": 130.31944444444446,
            "min": 130.31944444444446,
            "max": 130.31944444444446,
            "count": 1
        },
        "MyBehavior.Environment.EpisodeLength.sum": {
            "value": 9383.0,
            "min": 9383.0,
            "max": 9383.0,
            "count": 1
        },
        "MyBehavior.Environment.CumulativeReward.mean": {
            "value": -0.14688890639485586,
            "min": -0.14688890639485586,
            "max": -0.14688890639485586,
            "count": 1
        },
        "MyBehavior.Environment.CumulativeReward.sum": {
            "value": -10.57600126042962,
            "min": -10.57600126042962,
            "max": -10.57600126042962,
            "count": 1
        },
        "MyBehavior.Policy.ExtrinsicReward.mean": {
            "value": -0.14688890639485586,
            "min": -0.14688890639485586,
            "max": -0.14688890639485586,
            "count": 1
        },
        "MyBehavior.Policy.ExtrinsicReward.sum": {
            "value": -10.57600126042962,
            "min": -10.57600126042962,
            "max": -10.57600126042962,
            "count": 1
        },
        "MyBehavior.IsTraining.mean": {
            "value": 1.0,
            "min": 1.0,
            "max": 1.0,
            "count": 1
        },
        "MyBehavior.IsTraining.sum": {
            "value": 1.0,
            "min": 1.0,
            "max": 1.0,
            "count": 1
        }
    },
    "metadata": {
        "timer_format_version": "0.1.0",
        "start_time_seconds": "1715849457",
        "python_version": "3.10.12 | packaged by Anaconda, Inc. | (main, Jul  5 2023, 19:01:18) [MSC v.1916 64 bit (AMD64)]",
        "command_line_arguments": "C:\\Users\\OfferleA2\\.conda\\envs\\mlagents\\Scripts\\mlagents-learn --env ..\\ExeCros --num-env 2 --run-id=BetterRewardsForward --width 390 --height 844 --deterministic --resume",
        "mlagents_version": "1.0.0",
        "mlagents_envs_version": "1.0.0",
        "communication_protocol_version": "1.5.0",
        "pytorch_version": "2.2.2+cu121",
        "numpy_version": "1.23.3",
        "end_time_seconds": "1715849954"
    },
    "total": 496.8049445999786,
    "count": 1,
    "self": 10.006406899890862,
    "children": {
        "run_training.setup": {
            "total": 0.01864300004672259,
            "count": 1,
            "self": 0.01864300004672259
        },
        "TrainerController.start_learning": {
            "total": 486.77989470004104,
            "count": 1,
            "self": 1.3764380005886778,
            "children": {
                "TrainerController._reset_env": {
                    "total": 7.438370499992743,
                    "count": 1,
                    "self": 7.438370499992743
                },
                "TrainerController.advance": {
                    "total": 477.6700546994107,
                    "count": 37066,
                    "self": 1.3717095965985209,
                    "children": {
                        "env_step": {
                            "total": 448.44208959210664,
                            "count": 37066,
                            "self": 342.31172469316516,
                            "children": {
                                "SubprocessEnvManager._take_step": {
                                    "total": 105.17071819701232,
                                    "count": 37927,
                                    "self": 3.952333992696367,
                                    "children": {
                                        "TorchPolicy.evaluate": {
                                            "total": 101.21838420431595,
                                            "count": 37735,
                                            "self": 101.21838420431595
                                        }
                                    }
                                },
                                "workers": {
                                    "total": 0.9596467019291595,
                                    "count": 37065,
                                    "self": 0.0,
                                    "children": {
                                        "worker_root": {
                                            "total": 957.5799316200428,
                                            "count": 37925,
                                            "is_parallel": true,
                                            "self": 255.56422961410135,
                                            "children": {
                                                "steps_from_proto": {
                                                    "total": 0.0021467999322339892,
                                                    "count": 2,
                                                    "is_parallel": true,
                                                    "self": 0.000471399980597198,
                                                    "children": {
                                                        "_process_rank_one_or_two_observation": {
                                                            "total": 0.0016753999516367912,
                                                            "count": 4,
                                                            "is_parallel": true,
                                                            "self": 0.0016753999516367912
                                                        }
                                                    }
                                                },
                                                "UnityEnvironment.step": {
                                                    "total": 702.0135552060092,
                                                    "count": 37925,
                                                    "is_parallel": true,
                                                    "self": 21.07649220211897,
                                                    "children": {
                                                        "UnityEnvironment._generate_step_input": {
                                                            "total": 5.740075704175979,
                                                            "count": 37925,
                                                            "is_parallel": true,
                                                            "self": 5.740075704175979
                                                        },
                                                        "communicator.exchange": {
                                                            "total": 605.3946723841364,
                                                            "count": 37925,