{"count":1,"self":57.149407999999994,"total":235.80621349999998,"children":{"InitializeActuators":{"count":1,"self":0.0030821,"total":0.0030821,"children":null},"InitializeSensors":{"count":1,"self":0.0026620999999999997,"total":0.0026620999999999997,"children":null},"AgentSendState":{"count":40567,"self":1.1997414,"total":1.5886456999999998,"children":{"CollectObservations":{"count":8114,"self":0.0044998,"total":0.0044998,"children":null},"WriteActionMask":{"count":8114,"self":0.0118103,"total":0.0118103,"children":null},"RequestDecision":{"count":8114,"self":0.041766199999999996,"total":0.3725942,"children":{"AgentInfo.ToProto":{"count":8114,"self":0.055844399999999995,"total":0.330828,"children":{"GenerateSensorData":{"count":8114,"self":0.14875159999999998,"total":0.2749836,"children":{"RayPerceptionSensor.Perceive":{"count":8114,"self":0.12623199999999998,"total":0.12623199999999998,"children":null}}}}}}}}},"DecideAction":{"count":40567,"self":172.4683392,"total":172.46834099999998,"children":null},"AgentAct":{"count":40567,"self":4.5656736,"total":4.5934422,"children":{"AgentInfo.ToProto":{"count":952,"self":0.0030857,"total":0.0277687,"children":{"GenerateSensorData":{"count":952,"self":0.013708999999999999,"total":0.024683,"children":{"RayPerceptionSensor.Perceive":{"count":952,"self":0.010974,"total":0.010974,"children":null}}}}}}}},"gauges":{"My agent.CumulativeReward":{"count":952,"max":12,"min":-17.832,"runningAverage":3.354637,"value":8,"weightedAverage":9.457024}},"metadata":{"timer_format_version":"0.1.0","start_time_seconds":"1714396916","unity_version":"2022.3.14f1","command_line_arguments":"C:\\Program Files\\Unity\\Hub\\Editor\\2022.3.14f1\\Editor\\Unity.exe -projectpath D:\\Crossy-Road -useHub -hubIPC -cloudEnvironment production -licensingIpc LicenseClient-J5HyE3loAPcWCjb33vLhh -hubSessionId 053679a2-d4ec-4570-8930-507c7b9d89c7 -accessToken G8bqUQh_xTF_Mmw06s9tq7o-Wq7vULeXv50yZCJDZMI012f","communication_protocol_version":"1.5.0","com.unity.ml-agents_version":"2.0.1","scene_name":"SampleScene","end_time_seconds":"1714397152"}}