{"count":1,"self":28.1721248,"total":38.2956785,"children":{"InitializeActuators":{"count":13,"self":0.0029985,"total":0.0029985,"children":null},"InitializeSensors":{"count":13,"self":0.0035226999999999997,"total":0.0035226999999999997,"children":null},"AgentSendState":{"count":1117,"self":0.2092431,"total":0.35339899999999996,"children":{"CollectObservations":{"count":2912,"self":0.0040247999999999994,"total":0.0040247999999999994,"children":null},"WriteActionMask":{"count":2912,"self":0,"total":0,"children":null},"RequestDecision":{"count":2912,"self":0.0174772,"total":0.14013109999999998,"children":{"AgentInfo.ToProto":{"count":2912,"self":0.005279,"total":0.1226539,"children":{"GenerateSensorData":{"count":2912,"self":0.058077,"total":0.11737489999999999,"children":{"RayPerceptionSensor.Perceive":{"count":2912,"self":0.0592979,"total":0.0592979,"children":null}}}}}}}}},"DecideAction":{"count":1117,"self":8.4887792,"total":8.4887792,"children":null},"AgentAct":{"count":1117,"self":1.2422218,"total":1.2733345999999999,"children":{"AgentInfo.ToProto":{"count":502,"self":0.0026346,"total":0.0311128,"children":{"GenerateSensorData":{"count":502,"self":0.010853999999999999,"total":0.0284782,"children":{"RayPerceptionSensor.Perceive":{"count":502,"self":0.0176242,"total":0.0176242,"children":null}}}}}}}},"gauges":{"My agent.CumulativeReward":{"count":502,"max":1.90000021,"min":-5.299999,"runningAverage":-0.6878486,"value":-1,"weightedAverage":-0.8790554}},"metadata":{"timer_format_version":"0.1.0","start_time_seconds":"1714460024","unity_version":"2022.3.14f1","command_line_arguments":"C:\\Program Files\\Unity\\Hub\\Editor\\2022.3.14f1\\Editor\\Unity.exe","communication_protocol_version":"1.5.0","com.unity.ml-agents_version":"2.0.1","scene_name":"SampleScene","end_time_seconds":"1714460062"}}