{
    "name": "root",
    "gauges": {
        "MyBehavior.Policy.Entropy.mean": {
            "value": 1.48556649684906,
            "min": 1.48556649684906,
            "max": 1.791753888130188,
            "count": 8
        },
        "MyBehavior.Policy.Entropy.sum": {
            "value": 14766.53125,
            "min": 14766.53125,
            "max": 18833.125,
            "count": 8
        },
        "MyBehavior.Environment.EpisodeLength.mean": {
            "value": 19.422448979591838,
            "min": 8.609990393852065,
            "max": 24.057356608478802,
            "count": 8
        },
        "MyBehavior.Environment.EpisodeLength.sum": {
            "value": 9517.0,
            "min": 8963.0,
            "max": 9647.0,
            "count": 8
        },
        "MyBehavior.Step.mean": {
            "value": 79998.0,
            "min": 9998.0,
            "max": 79998.0,
            "count": 8
        },
        "MyBehavior.Step.sum": {
            "value": 79998.0,
            "min": 9998.0,
            "max": 79998.0,
            "count": 8
        },
        "MyBehavior.Policy.ExtrinsicValueEstimate.mean": {
            "value": 2.3820552825927734,
            "min": -0.02396906353533268,
            "max": 2.3820552825927734,
            "count": 8
        },
        "MyBehavior.Policy.ExtrinsicValueEstimate.sum": {
            "value": 1167.20703125,
            "min": -19.343034744262695,
            "max": 1167.20703125,
            "count": 8
        },
        "MyBehavior.Environment.CumulativeReward.mean": {
            "value": 5.340377627708474,
            "min": -0.2107307196236574,
            "max": 5.340377627708474,
            "count": 8
        },
        "MyBehavior.Environment.CumulativeReward.sum": {
            "value": 2616.7850375771523,
            "min": -219.15994840860367,
            "max": 2616.7850375771523,
            "count": 8
        },
        "MyBehavior.Policy.ExtrinsicReward.mean": {
            "value": 5.340377627708474,
            "min": -0.2107307196236574,
            "max": 5.340377627708474,
            "count": 8
        },
        "MyBehavior.Policy.ExtrinsicReward.sum": {
            "value": 2616.7850375771523,
            "min": -219.15994840860367,
            "max": 2616.7850375771523,
            "count": 8
        },
        "MyBehavior.IsTraining.mean": {
            "value": 1.0,
            "min": 1.0,
            "max": 1.0,
            "count": 8
        },
        "MyBehavior.IsTraining.sum": {
            "value": 1.0,
            "min": 1.0,
            "max": 1.0,
            "count": 8
        },
        "MyBehavior.Losses.PolicyLoss.mean": {
            "value": 0.02543754894286394,
            "min": 0.02543754894286394,
            "max": 0.04029892433900386,
            "count": 7
        },
        "MyBehavior.Losses.PolicyLoss.sum": {
            "value": 0.02543754894286394,
            "min": 0.02543754894286394,
            "max": 0.04029892433900386,
            "count": 7
        },
        "MyBehavior.Losses.ValueLoss.mean": {
            "value": 2.8376557429631553,
            "min": 1.5646458228429159,
            "max": 2.8376557429631553,
            "count": 7
        },
        "MyBehavior.Losses.ValueLoss.sum": {
            "value": 2.8376557429631553,
            "min": 1.5646458228429159,
            "max": 2.8376557429631553,
            "count": 7
        },
        "MyBehavior.Policy.LearningRate.mean": {
            "value": 0.0002569284143571999,
            "min": 0.0002569284143571999,
            "max": 0.00029384940205019993,
            "count": 7
        },
        "MyBehavior.Policy.LearningRate.sum": {
            "value": 0.0002569284143571999,
            "min": 0.0002569284143571999,
            "max": 0.00029384940205019993,
            "count": 7
        },
        "MyBehavior.Policy.Epsilon.mean": {
            "value": 0.18564280000000002,
            "min": 0.18564280000000002,
            "max": 0.1979498,
            "count": 7
        },
        "MyBehavior.Policy.Epsilon.sum": {
            "value": 0.18564280000000002,
            "min": 0.18564280000000002,
            "max": 0.1979498,
            "count": 7
        },
        "MyBehavior.Policy.Beta.mean": {
            "value": 0.00428357572,
            "min": 0.00428357572,
            "max": 0.0048976950200000004,
            "count": 7
        },
        "MyBehavior.Policy.Beta.sum": {
            "value": 0.00428357572,
            "min": 0.00428357572,
            "max": 0.0048976950200000004,
            "count": 7
        }
    },
    "metadata": {
        "timer_format_version": "0.1.0",
        "start_time_seconds": "1716903239",
        "python_version": "3.10.12 | packaged by Anaconda, Inc. | (main, Jul  5 2023, 19:01:18) [MSC v.1916 64 bit (AMD64)]",
        "command_line_arguments": "C:\\Users\\OfferleA2\\.conda\\envs\\mlagent\\Scripts\\mlagents-learn .\\configuration.yaml --env ..\\exeCros\\ --run-id=bombaclat1 --num-envs 4",
        "mlagents_version": "1.0.0",
        "mlagents_envs_version": "1.0.0",
        "communication_protocol_version": "1.5.0",
        "pytorch_version": "2.3.0+cpu",
        "numpy_version": "1.23.3",
        "end_time_seconds": "1716903899"
    },
    "total": 660.0529958000116,
    "count": 1,
    "self": 3.972724700011895,
    "children": {
        "run_training.setup": {
            "total": 1.8794422000064515,
            "count": 1,
            "self": 1.8794422000064515
        },
        "TrainerController.start_learning": {
            "total": 654.2008288999932,
            "count": 1,
            "self": 3.312129597819876,
            "children": {
                "TrainerController._reset_env": {
                    "total": 14.073151299991878,
                    "count": 1,
                    "self": 14.073151299991878
                },
                "TrainerController.advance": {
                    "total": 636.4982955021842,
                    "count": 22295,
                    "self": 1.1664442011824576,
                    "children": {
                        "env_step": {
                            "total": 635.3318513010017,
                            "count": 22295,
                            "self": 453.5357565013255,
                            "children": {
                                "SubprocessEnvManager._take_step": {
                                    "total": 180.55431169981603,
                                    "count": 25030,
                                    "self": 5.444319399059168,
                                    "children": {
                                        "TorchPolicy.evaluate": {
                                            "total": 175.10999230075686,
                                            "count": 20935,
                                            "self": 175.10999230075686
                                        }
                                    }
                                },
                                "workers": {
                                    "total": 1.2417830998601858,
                                    "count": 22294,
                                    "self": 0.0,
                                    "children": {
                                        "worker_root": {
                                            "total": 2561.7643703009817,
                                            "count": 25026,
                                            "is_parallel": true,
                                            "self": 628.397234799806,
                                            "children": {
                                                "steps_from_proto": {
                                                    "total": 0.06143960000190418,
                                                    "count": 4,
                                                    "is_parallel": true,